{"cameraMode":{"drawMode":0,"name":"Shaded","section":"Shading Mode"},"sceneLighting":true,"audioPlay":false,"sceneViewState":{"showFog":true,"showMaterialUpdate":false,"showSkybox":true,"showFlares":true,"showImageEffects":true,"showParticleSystems":true},"in2DMode":false,"pivot":{"x":7.33180046081543,"y":0.5226280689239502,"z":-8.375439643859864},"rotation":{"x":-0.0478220172226429,"y":0.5493003726005554,"z":-0.03152765333652496,"w":-0.8336822986602783},"size":9.740233421325684,"orthographic":false}