{"cameraMode":{"drawMode":0,"name":"Shaded","section":"Shading Mode"},"sceneLighting":true,"audioPlay":false,"sceneViewState":{"showFog":true,"showMaterialUpdate":false,"showSkybox":true,"showFlares":true,"showImageEffects":true,"showParticleSystems":true},"in2DMode":false,"pivot":{"x":-0.6334028840065002,"y":1.8299338817596436,"z":-0.3367742896080017},"rotation":{"x":-0.17810291051864625,"y":-0.16969656944274903,"z":0.031184755265712739,"w":-0.9687833786010742},"size":6.781017303466797,"orthographic":false}