{"cameraMode":{"drawMode":0,"name":"Shaded","section":"Shading Mode"},"sceneLighting":true,"audioPlay":false,"sceneViewState":{"showFog":true,"showMaterialUpdate":false,"showSkybox":false,"showFlares":true,"showImageEffects":true,"showParticleSystems":true},"in2DMode":false,"pivot":{"x":-30.237945556640626,"y":-13.675097465515137,"z":17.385251998901368},"rotation":{"x":0.17089158296585084,"y":-0.4926465153694153,"z":0.09922701865434647,"w":0.8475577235221863},"size":21.086912155151368,"orthographic":false}