{"cameraMode":{"drawMode":0,"name":"Shaded","section":"Shading Mode"},"sceneLighting":true,"audioPlay":false,"sceneViewState":{"showFog":true,"showMaterialUpdate":false,"showSkybox":true,"showFlares":true,"showImageEffects":true,"showParticleSystems":true},"in2DMode":false,"pivot":{"x":-135.64634704589845,"y":-0.7628684043884277,"z":30.837432861328126},"rotation":{"x":0.0166927520185709,"y":-0.6733946204185486,"z":0.015101592987775803,"w":0.73908531665802},"size":70.22071838378906,"orthographic":false}