{"cameraMode":{"drawMode":0,"name":"Shaded","section":"Shading Mode"},"sceneLighting":true,"audioPlay":false,"sceneViewState":{"showFog":true,"showMaterialUpdate":false,"showSkybox":false,"showFlares":true,"showImageEffects":true,"showParticleSystems":true},"in2DMode":false,"pivot":{"x":0.541521430015564,"y":6.036437034606934,"z":9.639155387878418},"rotation":{"x":0.0518658347427845,"y":-0.031460780650377277,"z":0.001540571334771812,"w":0.9982076287269592},"size":20.900819778442384,"orthographic":false}