{"cameraMode":{"drawMode":0,"name":"Shaded","section":"Shading Mode"},"sceneLighting":false,"audioPlay":false,"sceneViewState":{"showFog":true,"showMaterialUpdate":false,"showSkybox":false,"showFlares":true,"showImageEffects":true,"showParticleSystems":true},"in2DMode":false,"pivot":{"x":90.07536315917969,"y":-20.62122344970703,"z":-59.14201736450195},"rotation":{"x":0.04844987392425537,"y":0.8914781212806702,"z":-0.09797768294811249,"w":0.43991637229919436},"size":66.52249145507813,"orthographic":false}